[
  {
    "language": "ru",
    "pages":{

      "main": {
        "top": {
          "head": "VINCOIN",
          "afterHead": "Новый прорыв в криптографии",
          "text": "Мы построили полномасштабную инвестиционную платформу и выпускаем в обращение новую криптовалюту которая в ближайшем будешем повторит феномен биткойна. VINCoin включает в себя все лучшие функции,  доступные в современных криптовалютах на основе блокчейна",
          "btn": "купить"
        },
        "progress": {
          "head": "какая наша цель?",
          "title": "Официальный запуск сети после продажи:"
        },
        "table":{
          "head": {
            "header": "Сплиты",
            "number": "#",
            "cost": "Цена",
            "value": "Количество монет",
            "summ": "Сумма"
          },
          "foot":{
            "allSumm": "Итог сбора суммы: ",
            "future": "При выходе на крипто-биржу цена за 1 монету",
            "coinCost": "50$"
          },
          "split":[
            {"cost": 0.10, "value": "3.000.000", "summ": "300.000"},
            {"cost": 0.20, "value": "3.000.000", "summ": "600.000"},
            {"cost": 0.40, "value": "3.000.000", "summ": "1.200.000"},
            {"cost": 0.80, "value": "3.000.000", "summ": "2.400.000"},
            {"cost": 1.60, "value": "3.000.000", "summ": "4.800.000"},
            {"cost": 3.20, "value": "3.000.000", "summ": "9.600.000"},
            {"cost": 6.40, "value": "3.000.000", "summ": "19.200.000"},
            {"cost": 12.80, "value": "3.000.000", "summ": "38.400.000"},
            {"cost": 25.60, "value": "3.000.000", "summ": "76.800.000"},
            {"cost": 51.20, "value": "3.000.000", "summ": "153.600.000"}
          ]
        }
      },

      "about":{
        "top":{
          "head": "IT BLOCKCHAIN DEVELOPMENT LLP",
          "body": "Зарегистрирована в 2017 году с целью разработки и внедрения блокчейн технологий в различные отрасли мировой экономики. Мы собрали лучших специалистов с разных стран и объединили их в сплоченную команду которая готова решать задачи любой сложности в кротчайшие сроки. Сейчас мы работаем над проектом по внедрение блокчейн технологии в систему работы и расчета онлайн торговых площадок таких как (taobao.com, rakuten.com, target.com, walmart.com, aliexpress.com, cultism.com, paytmmall.com, tinydeal.com), и адаптации крипто валюты VINCOIN в систему расчета на различных торговых площадках. Мы провели предварительные согласования с высшим Менеджментом некоторых онлайн торговых площадок с целью внедрению наших разработок в систему работы интернет магазинов. Мы провели предварительный и последующий технико-экономический анализ, и прогнозное моделирование и сейчас находимся на заверении рабочего проекта. Средства, собранные посредством ISO, будут использованы нами на разработку и внедрение программного продукта в работу онлайн интернет магазинов, а также рекламы, что в ближайшем будущем приведет к повышенному интересу на крипто валюту VINCOIN. Инвестируя в инновационные разработки с IT BLOCKCHAIN DEVELOPMENT, вы становитесь совладельцами производимых нами программных продуктов, что отобразится на цене крипто валюты VINCOIN."
        },
        "pluses":{
          "secur": {
            "head": "Безопасность системы",
            "body": "Наша система является одной из самых надёжных и защищенных систем мира, над разработкой которой  работали сотни разработчиков"
          },
          "ownWallet":{
            "head": "Личный кошелёк",
            "body": "В нашем кошельке стоит несколько этапов защиты, благодаря которым Вы можете быть уверенными в  безопасности Ваших средств"
          },
          "tech":{
            "head":"Технологии",
            "body":"VinCoin разрабатывалась на алгоритме SHA-256, который является одним из самых защищенных и  эфективных в мире"
          },
          "payMethod":{
            "head":"Способы оплаты",
            "body":"Стандартные и удобные методы оплаты не будут вводить Вас в заблуждения при оплате"
          }
        }
      },

      "packages":{
        "packages":{
          "title": "Пакеты",
          "btn_end": "НЕДОСТУПНО",
          "btn_start":"КУПИТЬ",
          "btn_wait":"В ОЖИДАНИИ",
          "top_p": "монету",
          "coinsLeft_p":"Доступно монет",
          "inputCoins_p":"Введите количество монет для покупки",
          "price_p": "Стоимость",
          "afterHead": "Укажите количество монет которые хотите купить для расчета стоимость"
        },
        "faq":{
          "title":"ПОМОЩЬ",
          "afterHead":"Список наиболее часто задаваемых вопросов и ответы на них",
          "help1":{
            "title": "Как можно оплатить?",
            "text": "Мы бросаем вызов статус-кво и выходят за рамки сегодняшнего дня, чтобы создать открытое финансовое будущее"
          },
          "help2":{
            "title": "Как обменять криптовалюту?",
            "text": "Мы бросаем вызов статус-кво и выходят за рамки сегодняшнего дня, чтобы создать открытое финансовое будущее"
          },
          "help3":{
            "title": "Как получить монеты?",
            "text": "Мы бросаем вызов статус-кво и выходят за рамки сегодняшнего дня, чтобы создать открытое финансовое будущее"
          },
          "help4":{
            "title": "Как обменять криптовалюту?",
            "text": "Мы бросаем вызов статус-кво и выходят за рамки сегодняшнего дня, чтобы создать открытое финансовое будущее"
          }
        }
      },

      "FAQ":{
        "content":{
          "title": "Содержание",
          "afterHead": "Список наиболее часто задаваемых вопросов и ответы на них",
          "secondTitle": "Ответы"
        },
        "faqs":[
          {
            "title": "Как зарегистрироваться?",
            "text": "Мы бросаем вызов статус-кво и выходят за рамки сегодняшнего дня, чтобы создать открытое финансовое будущее Мы бросаем вызов статус-кво и выходят за рамки сегодняшнего дня, чтобы создать открытое финансовое будущее"
          },
          {
            "title": "Как можно оплатить?",
            "text": "Мы бросаем вызов статус-кво и выходят за рамки сегодняшнего дня, чтобы создать открытое финансовое будущее Мы бросаем вызов статус-кво и выходят за рамки сегодняшнего дня, чтобы создать открытое финансовое будущее"
          },
          {
            "title": "Как получить монеты?",
            "text": "Мы бросаем вызов статус-кво и выходят за рамки сегодняшнего дня, чтобы создать финансовое будущее Мы бросаем вызов статус-кво и выходят за рамки сегодняшнего дня, чтобы создать открытое финансовое будущее"
          },
          {
            "title": "Как обменять криптовалюту?",
            "text": "Мы бросаем вызов статус-кво и выходят за рамки сегодняшнего дня, чтобы создать финансовое будущее Мы бросаем вызов статус-кво и выходят за рамки сегодняшнего дня, чтобы создать открытое финансовое будущее"
          },
          {
            "title": "Как можно оплатить?",
            "text": "Мы бросаем вызов статус-кво и выходят за рамки сегодняшнего дня, чтобы создать открытое финансовое будущее Мы бросаем вызов статус-кво и выходят за рамки сегодняшнего дня, чтобы создать открытое финансовое будущее"
          },
          {
            "title": "Как получить монеты?",
            "text": "Мы бросаем вызов статус-кво и выходят за рамки сегодняшнего дня, чтобы создать открытое финансовое будущее Мы бросаем вызов статус-кво и выходят за рамки сегодняшнего дня, чтобы создать открытое финансовое будущее"
          },
          {
            "title": "Как зарегистрироваться?",
            "text": "Мы бросаем вызов статус-кво и выходят за рамки сегодняшнего дня, чтобы создать финансовое будущее Мы бросаем вызов статус-кво и выходят за рамки сегодняшнего дня, чтобы создать открытое финансовое будущее"
          },
          {
            "title": "Как обменять криптовалюту?",
            "text": "Мы бросаем вызов статус-кво и выходят за рамки сегодняшнего дня, чтобы создать финансовое будущее Мы бросаем вызов статус-кво и выходят за рамки сегодняшнего дня, чтобы создать открытое финансовое будущее"
          }
        ]
      },

      "news":{},


      "investments":{
        "head": "Недавно купили моенты",
        "table": {
          "headFirst": "Имя",
          "headSecond": "Монеты",
          "headThird": "Дата",
          "btnMore": "Показать еще",
          "btnEnd": "Ждём новые покупки"
        }
      },

      "contacts":{
        "top":{
          "head": "Контакты"
        },
        "feedback": {
          "head": "центр поддержки клиентов",
          "inputName":"Имя",
          "inputLName":"Фамилия",
          "inputEmail":"E-mail",
          "inputTel": "Номер телефона",
          "inputMsg": "Ваше сообщение",
          "btnSend":"Отправить"
        }
      },
      "profile":{
        "layouts":{
          "leftHeader":{
            "btnMain": "главная",
            "btnRefill": "Купить",
            "btnSettings": "Настройки",
            "btnExit": "выход"
          }
        },
        "info":{

        },
        "content":{
          "mainHead": "Купить монеты",
          "stageOne": "Выберете или укажите нужное количество монет",
          "stageTwo": "Выберете тип платежа",
          "coins": "монет",
          "firstInputHolder": "Введите желаемое количество монет",
          "tradeCurr": "ОБМЕНКА",
          "cost": "Стоимость",
          "buy": "Оплатить",
          "walletLink": "Адресс кошелька",
          "payCode": "Код коментария (указывать во время оплаты)",
          "copy": "копировать"
        },
        "settings":{
          "password" : {
            "head": "Смените пароль",
            "CurPass": "Текущий пароль",
            "new":"Новый пароль",
            "repass": "Повторите пароль",
            "save": "Сохранить",
            "error":"Неверный пароль",
            "accept":"Изминения сохранены"
          },
          "email":{
            "head": "Смените E-mail",
            "CurPass": "Текущий пароль",
            "new": "Новый E-mail",
            "save": "Сохранить",
            "error":"Неверный пароль",
            "secondError": "Такой E-mail уже есть!",
            "accept":"Изминения сохранены"

          },
          "name": {
            "head": "Укажите/Измените имя",
            "error":"Попробуйте позже",
            "accept":"Изминения сохранены",
            "save": "Сохранить",
            "nameInput": "Ваше имя"
          },
          "tel": {
            "head": "Укажите/Измените телефон",
            "error":"Попробуйте позже",
            "accept":"Изминения сохранены",
            "save": "Сохранить",
            "nameInput": "Укажите номер телефона"
          }
        }
      }
    },
    "layouts":{
      "header":{
        "btnMain": "ГЛАВНАЯ",
        "btnAbout": "О НАС",
        "btnPackages": "ПАКЕТЫ",
        "btninvestments": "Инвестиции",
        "btnFAQ": "Помощь",
        "btnNews": "Новости",
        "btnContacts": "Контакты",
        "login":{
          "log": "Регистрация/Вход",
          "btnExit": "Выход"
        }
      },
      "footer":{
        "pages":{
          "whitePage":"Белая Бумага",
          "legalPage":"Юридическая Информация",
          "contractOffer": "Пользовательское Соглашение",
          "confidentiality": "Политика Конфиденциальности",
          "SellPolicy":"Политика Продажи"
        },
        "feedback": "Обратная связь",
        "legalPage":{
          "head": "Юридическая информация",
          "corp": "Компания",
          "adress": "Юридический и почтовый адрес",
          "back": "назад"
        }
      },
      "auth":{
        "header":{
          "btnLogin": "Войти",
          "btnRegistration": "Регестрация",
          "btnForgotPass": "Забыли пароль?"
        },
        "login":{
          "inputLogin": "Логин или E-mail",
          "inputPassword": "Пароль",
          "btnEnter": "Войти"
        },
        "registration":{
          "inputLogin": "Логин",
          "inputEmail": "E-Mail",
          "inputPassword": "Пароль",
          "inputRepeatPassword": "Повторите пароль",
          "checkLegal": "Согласен с правилами сайта",
          "btnRegistration": "Регестрация"
        },
        "forgot": {
          "text": "Отправить пароль на почту",
          "inputEmail": "E-Mail",
          "btnSend": "Отправить",
          "success": "E-mail отправлен!",
          "error": "E-mail не найден"
        }
      }
    }
  }
]
